<?xml version="1.0" encoding="UTF-8"?>
<cpq_package version="2.0.1.0">
  <filename>cp060555.exe</filename>
  <divisions>
    <division key="68">
      <division_xlate lang="en">ServerOptions</division_xlate>
      <division_xlate lang="ja">サーバ オプション</division_xlate>
    </division>
    <division key="6">
      <division_xlate lang="en">Server</division_xlate>
      <division_xlate lang="ja">サーバ</division_xlate>
    </division>
  </divisions>
  <operating_systems>
    <operating_system key="">
      <operating_system_xlate>Microsoft Windows Server 2022</operating_system_xlate>
    </operating_system>
  </operating_systems>
  <products>
    <product rom="I44"/>
    <product rom="A47"/>
    <product rom="A48"/>
    <product rom=""/>
  </products>
  <category key="11300032">
    <category_xlate lang="en">Driver - System Management</category_xlate>
    <category_xlate lang="ja">ドライバ - システム マネジメント</category_xlate>
  </category>
  <id product="b75caf763a204707bef1840fcde5be6a" version="7326920731fb4fbe8fc5c1297853e3f2"/>
  <name>
    <name_xlate lang="en">Switchtec PCIe Switch Management Driver for Microsoft Windows Server 2022</name_xlate>
    <name_xlate lang="ja">Microsoft Windows Server 2022用のSwitchtec PCIeスイッチ管理ドライバー</name_xlate>
  </name>
  <alt_name>
    <alt_name_xlate lang="en">Switchtec PCIe Switch Management Driver</alt_name_xlate>
    <alt_name_xlate lang="ja">Switchtec PCIeスイッチ管理ドライバー</alt_name_xlate>
  </alt_name>
  <version value="1.0.0.0" revision="B" type_of_change="0"/>
  <manufacturer_name>
    <manufacturer_name_xlate lang="en">Hewlett Packard Enterprise</manufacturer_name_xlate>
    <manufacturer_name_xlate lang="ja">Hewlett Packard Enterprise</manufacturer_name_xlate>
  </manufacturer_name>
  <languages langlist="en">
    <languages_xlate lang="en">English (US)</languages_xlate>
    <languages_xlate lang="ja">英語（US）</languages_xlate>
  </languages>
  <release_date year="2024" month="4" day="18" hour="16" minute="3" second="46"/>
  <description>
    <description_xlate lang="en">
<![CDATA[This component provides the driver for the Microchip/Microsemi PCIe Gen 4 Switch.]]>
</description_xlate>
    <description_xlate lang="ja">
<![CDATA[このコンポーネントは、Microchip/Microsemi PCIe Gen4スイッチのドライバーを提供します。]]>
</description_xlate>
  </description>
  <prerequisite_notes/>
  <installation_notes>
    <installation_notes_xlate lang="en">
      <installation_notes_xlate_part>
<![CDATA[<p>Place the Smart Component in a temporary directory, then double-click it to run.<br />
Select &quot;Install&quot; to start extracting to a temporary location on the hard drive.<br />
Click the &quot;Install&quot; button to perform the driver installation.</p>

<p>&nbsp;</p>
]]>
</installation_notes_xlate_part>
    </installation_notes_xlate>
    <installation_notes_xlate lang="ja">
      <installation_notes_xlate_part>
<![CDATA[<p>Smartコンポーネントをテンポラリディレクトリにコピーし、ダブルクリックして実行します。<br />
インストールを選択して、ハードディスクのテンポラリディレクトリに解凍します。<br />
インストールボタンをクリックしてドライバーインストールを実行します。</p>

<p> </p>
]]>
</installation_notes_xlate_part>
    </installation_notes_xlate>
  </installation_notes>
  <availability_notes/>
  <documentation_notes/>
  <revision_history>
    <revision>
      <version value="1.0.0.0" revision="B" type_of_change="0"/>
      <revision_enhancements_xlate lang="en">
        <revision_enhancements_xlate_part>
<![CDATA[<ul>
	<li>Updated SBOM requirement</li>
</ul>
]]>
</revision_enhancements_xlate_part>
      </revision_enhancements_xlate>
      <revision_enhancements_xlate lang="ja">
        <revision_enhancements_xlate_part>
<![CDATA[<ul>
	<li>Updated SBOM requirement</li>
</ul>
]]>
</revision_enhancements_xlate_part>
      </revision_enhancements_xlate>
    </revision>
    <revision>
      <version value="1.0.0.0" revision="" type_of_change="0"/>
      <revision_enhancements_xlate lang="en">
        <revision_enhancements_xlate_part>
<![CDATA[<ul>
	<li>Update version</li>
</ul>
]]>
</revision_enhancements_xlate_part>
      </revision_enhancements_xlate>
      <revision_enhancements_xlate lang="ja">
        <revision_enhancements_xlate_part>
<![CDATA[<ul>
	<li>アップデートバージョン</li>
</ul>
]]>
</revision_enhancements_xlate_part>
      </revision_enhancements_xlate>
    </revision>
    <revision>
      <version value="15.52.13.445" revision="B" type_of_change="0"/>
      <revision_enhancements_xlate lang="en">
        <revision_enhancements_xlate_part>
<![CDATA[<ul>
	<li>Add SHA384 signature</li>
</ul>
]]>
</revision_enhancements_xlate_part>
      </revision_enhancements_xlate>
      <revision_enhancements_xlate lang="ja">
        <revision_enhancements_xlate_part>
<![CDATA[<ul>
	<li>Add SHA384 signature</li>
</ul>
]]>
</revision_enhancements_xlate_part>
      </revision_enhancements_xlate>
    </revision>
    <revision>
      <version value="15.52.13.445" revision="" type_of_change="1"/>
      <revision_enhancements_xlate lang="en">
        <revision_enhancements_xlate_part>
<![CDATA[<p>Initial release</p>
]]>
</revision_enhancements_xlate_part>
      </revision_enhancements_xlate>
      <revision_enhancements_xlate lang="ja">
        <revision_enhancements_xlate_part>
<![CDATA[<p>最初のリリースです</p>
]]>
</revision_enhancements_xlate_part>
      </revision_enhancements_xlate>
    </revision>
  </revision_history>
  <sw_keys>
    <sw_keys_and>
      <sw_key name="Switchtec.sys" guid="20a6e8e4-bf33-4c71-a6bf-d9ec00942bcf">
        <sw_key_expectedpath>%systemroot%\system32\drivers</sw_key_expectedpath>
      </sw_key>
    </sw_keys_and>
  </sw_keys>
  <prerequisites>
    <supported_operating_systems>
      <supported_operating_system platform="nt_x86-64" major="10" minor="0" sr="OEM" minimumbuild="20317" name="Microsoft Windows Server 2022"/>
    </supported_operating_systems>
    <supported_devices>
      <supported_devices_and>
        <supported_device type="pci">
          <supported_device_data name="ven">11F8</supported_device_data>
          <supported_device_data name="dev">4000</supported_device_data>
          <supported_device_data name="subven">11F8</supported_device_data>
          <supported_device_data name="subdev">4000</supported_device_data>
        </supported_device>
      </supported_devices_and>
      <supported_devices_and>
        <supported_device type="pci">
          <supported_device_data name="ven">11F8</supported_device_data>
          <supported_device_data name="dev">4052</supported_device_data>
          <supported_device_data name="subven">11F8</supported_device_data>
          <supported_device_data name="subdev">4052</supported_device_data>
        </supported_device>
      </supported_devices_and>
    </supported_devices>
    <supported_platforms>
      <supported_platform rom="I44"/>
      <supported_platform rom="A47"/>
      <supported_platform rom="A48"/>
      <supported_platform rom=""/>
    </supported_platforms>
    <required_diskspace size_kb="100"/>
  </prerequisites>
  <installation>
    <install>
      <install_caps silent="yes" needuseracct="no"/>
      <command>cpqsetup.exe</command>
      <command_params></command_params>
      <reboot_required value="yes"/>
      <reboot_details value="Required">
        <reboot_details_xlate lang="en">Reboot is required after installation for updates to take effect and hardware stability to be maintained.</reboot_details_xlate>
        <reboot_details_xlate lang="ja">アップデートの効果とハードウェアの安定を得るために、インストール後の再起動は必要です。</reboot_details_xlate>
      </reboot_details>
      <per_device_install_time_seconds>60</per_device_install_time_seconds>
    </install>
    <uninstall>
      <uninstall_caps silent="no"/>
      <command></command>
      <command_params></command_params>
      <reboot_required value="no"/>
    </uninstall>
  </installation>
</cpq_package>
